Common Name,Scientific Name
Bamboo,Bambusa oldhamii
Barley,Hordeum vulgare
Beach Grass,Ammophila breviligulata
Bentgrass,Agrostis gigantea
Bermuda Grass,Cynodon dactylon
Bluestem,Andropogon distachyo
Carpet Grass,Axonopus ramosus
Cogon Grass,Imperata cylindrica
Common Reed,Phragmites australis
Cordgrass,Sporobolus maritimus
white fonio,Digitaria exilis
clumping perennial grass,Hilaria rigida
Meadow Fescue,Festuca pratensis 
Orange Foxtail,Alopecurus aequalis
Giant Reed,Arundo donax
Jointed Goat Grass,Aegilops cylindrica 
GoldenTop,Lamarckia aurea
Grama Grass,Bouteloua gracilis
Hares Tail Grass,Lagurus ovatus
Indian Grass,Sorghastrum nutans
Jobs Tears,Coix lacryma-jobi
Delicate Love Grass,Eragrostis tenellula
Pearl Millet,Cenchrus americanus
needlegrass,Stipa zalesskii
oat grass,Avena sativa
Lemon grass,Cymbopogon citratus
orchard grass,Dactylis glomerata
pampas,Cortaderia selloana
Wild Sugar Cane,Saccharum spontaneum
rice,Oryza sativa
perennial ryegrass,Lolium perenne
Napier Grass,Cenchrus purpureus
broomcorn,Sorghum bicolor
saint augustine grass,Stenotaphrum secundatum
Bread Wheat,Triticum aestivum
wild oat,Avena fatua
Indian rice,Zizania aquatica
wild rye,Elymus trachycaulus
Corn,Zea Mays
Lawn Grass,Zoysia tenuifolia
Japanese Rice,Oryza sativa Japonica Group 
Makha Wheat,Triticum macha
Zhukovsky's wheat,Triticum zhukovskyi
